{"cameraMode":{"drawMode":0,"name":"Shaded","section":"Shading Mode"},"sceneLighting":true,"audioPlay":false,"sceneViewState":{"showFog":true,"showMaterialUpdate":false,"showSkybox":true,"showFlares":true,"showImageEffects":true,"showParticleSystems":true},"in2DMode":false,"pivot":{"x":-0.8540759086608887,"y":1.9660499095916749,"z":0.18642091751098634},"rotation":{"x":0.03292370215058327,"y":0.9401736259460449,"z":-0.32551315426826479,"w":0.0950922742486},"size":10.494790077209473,"orthographic":false}